{"name":"a8fe6def-b606-404c-be40-d6a3faffa73a","id":"/providers/Microsoft.Flow/flows/a8fe6def-b606-404c-be40-d6a3faffa73a","type":"Microsoft.Flow/flows","properties":{"apiId":"/providers/Microsoft.PowerApps/apis/shared_logicflows","displayName":"動的キー名のJSONより値を抽出","definition":{"metadata":{"workflowEntityId":null,"creator":{"id":"9db882ec-0065-4447-b638-0b3aabfcae18","type":"User","tenantId":"ac80aa65-6ace-4629-b910-6dc08bc4b453"},"provisioningMethod":"FromDefinition","failureAlertSubscription":true,"clientLastModifiedTime":"2020-02-20T02:15:04.7316563Z"},"$schema":"https://schema.management.azure.com/providers/Microsoft.Logic/schemas/2016-06-01/workflowdefinition.json#","contentVersion":"1.0.0.0","parameters":{"$authentication":{"defaultValue":{},"type":"SecureObject"}},"triggers":{"manual":{"type":"Request","kind":"Button","inputs":{"schema":{"type":"object","properties":{},"required":[]}}}},"actions":{"サンプルJSONデータの作成":{"runAfter":{"キー名の配列変数を作成":["Succeeded"]},"type":"Compose","inputs":"@json('\r\n{\r\n  \"123456\": \r\n  {\r\n    \"@odata.type\": \"microsoft.graph.checklistItem\", \r\n    \"isChecked\": true,\r\n    \"lastModifiedBy\": {\r\n      \"user\": {\r\n        \"id\": \"ebf3b108-5234-4e22-b93d-656d7dae5874\"\r\n      }\r\n    },\r\n    \"lastModifiedByDateTime\": \"2015-09-21T17:45:12.039Z\",\r\n    \"orderHint\": \"0009005756397228702\",\r\n    \"title\": \"data 1\"\r\n  },\r\n  \"-789012\":\r\n  {\r\n     \"@odata.type\": \"microsoft.graph.checklistItem\",\r\n    \"isChecked\": false,\r\n    \"lastModifiedBy\": {\r\n      \"user\": {\r\n        \"id\": \"ebf3b108-5234-4e22-b93d-656d7dae5874\"\r\n      }\r\n    },\r\n    \"lastModifiedByDateTime\": \"2015-09-21T17:45:12.039Z\",\r\n    \"orderHint\": \"0004105723397228784\",\r\n    \"title\": \"data 2\"\r\n  },\r\n  \"ABCDEF\":\r\n  {\r\n     \"@odata.type\": \"microsoft.graph.checklistItem\",\r\n    \"isChecked\": false,\r\n    \"lastModifiedBy\": {\r\n      \"user\": {\r\n        \"id\": \"ebf3b108-5234-4e22-b93d-656d7dae5874\"\r\n      }\r\n    },\r\n    \"lastModifiedByDateTime\": \"2015-09-21T17:45:12.039Z\",\r\n    \"orderHint\": \"0004105723397228784\",\r\n    \"title\": \"data 3\"\r\n  }\r\n}\r\n')"},"JSONデータをXML変換しキー名を抽出":{"actions":{"JSONをXMLに変換":{"runAfter":{},"type":"Compose","inputs":"@xml(\r\n    json(concat('{\"root\":', \r\n            string(outputs('サンプルJSONデータの作成')),\r\n            '}'\r\n    ))\r\n)","description":"xml(     concat('{\"root\":',              string(outputs('サンプルJSONデータの作成')),             '}'     ) )"},"xpathでroot直下の要素を抽出":{"runAfter":{"JSONをXMLに変換":["Succeeded"]},"type":"Compose","inputs":"@xpath(outputs('JSONをXMLに変換'),'/root/*')","description":"xpath(outputs('JSONをXMLに変換'),'/root/*')"},"要素名を抽出":{"runAfter":{"xpathでroot直下の要素を抽出":["Succeeded"]},"type":"Select","inputs":{"from":"@outputs('xpathでroot直下の要素を抽出')","select":{"name":"@xpath(item(),'name(/*)')"}}},"キー名の列挙":{"foreach":"@body('要素名を抽出')","actions":{"1ステップで上記の作業を全て実施":{"runAfter":{"キー名変換処理のステップ実行":["Succeeded"]},"type":"Compose","inputs":"@if(\r\n   startsWith(item()['name'], '_'),\r\n   replace(\r\n     item()['name'],\r\n     substring(\r\n               item()['name'],\r\n               0,\r\n               add(\r\n                 indexof(\r\n                         substring(item()['name'], \r\n                                   1, \r\n                                   sub(\r\n                                       length(item()['name']), 1\r\n                                   )\r\n                         ),\r\n                         '_'\r\n                 ),\r\n                 2\r\n               )\r\n     ),\r\n     decodeUriComponent(\r\n       replace(\r\n               replace(\r\n                       substring(\r\n                         item()['name'],\r\n                         0,\r\n                         add(\r\n                           indexof(\r\n                             substring(item()['name'], 1, sub(length(item()['name']), 1)),\r\n                             '_'\r\n                           ),\r\n                           2\r\n                         )\r\n                       ),\r\n                       '_',\r\n                       ''),\r\n               'x00',\r\n               '%'\r\n       )\r\n     )\r\n   ),\r\n   item()['name']\r\n)"},"キー名変換処理のステップ実行":{"actions":{"XMLエンコード部分を抽出":{"runAfter":{},"type":"Compose","inputs":"@substring(\r\n  item()['name'],\r\n  0,\r\n  add(\r\n    indexof(\r\n      substring(item()['name'], 1, sub(length(item()['name']), 1)),\r\n      '_'\r\n    ),\r\n    2\r\n  )\r\n)"},"URLエンコーディングへ変換":{"runAfter":{"XMLエンコード部分を抽出":["Succeeded"]},"type":"Compose","inputs":"@replace(\r\n    replace(outputs('XMLエンコード部分を抽出'), '_', ''),\r\n    'x00',\r\n    '%'\r\n)"},"URLデコード":{"runAfter":{"URLエンコーディングへ変換":["Succeeded"]},"type":"Compose","inputs":"@decodeUriComponent(outputs('URLエンコーディングへ変換'))"},"キー名を復元":{"runAfter":{"URLデコード":["Succeeded"]},"type":"Compose","inputs":"@replace(item()['name'],outputs('XMLエンコード部分を抽出'),outputs('URLデコード'))"}},"runAfter":{},"type":"Scope"},"キー名を配列に追加":{"runAfter":{"1ステップで上記の作業を全て実施":["Succeeded"]},"type":"AppendToArrayVariable","inputs":{"name":"keyNames","value":"@outputs('1ステップで上記の作業を全て実施')"}}},"runAfter":{"要素名を抽出":["Succeeded"]},"type":"Foreach"}},"runAfter":{"サンプルJSONデータの作成":["Succeeded"]},"type":"Scope"},"キー名の配列変数を作成":{"runAfter":{},"type":"InitializeVariable","inputs":{"variables":[{"name":"keyNames","type":"Array"}]}},"キー名の配列からJSONデータへアクセス":{"foreach":"@variables('keyNames')","actions":{"作成":{"runAfter":{},"type":"Compose","inputs":"@outputs('サンプルJSONデータの作成')[item()]"}},"runAfter":{"JSONデータをXML変換しキー名を抽出":["Succeeded"]},"type":"Foreach"}}},"connectionReferences":{},"flowFailureAlertSubscribed":false}}