{"name":"5607387a-4df0-49e2-b050-a40f4ba7553b","id":"/providers/Microsoft.Flow/flows/5607387a-4df0-49e2-b050-a40f4ba7553b","type":"Microsoft.Flow/flows","properties":{"apiId":"/providers/Microsoft.PowerApps/apis/shared_logicflows","displayName":"各環境の接続情報をチェックしエラーとなっているものを一覧でメール通知する","definition":{"metadata":{"workflowEntityId":null,"creator":{"id":"9db882ec-0065-4447-b638-0b3aabfcae18","type":"User","tenantId":"ac80aa65-6ace-4629-b910-6dc08bc4b453"},"provisioningMethod":"FromDefinition","failureAlertSubscription":true,"clientLastModifiedTime":"2018-11-22T03:02:48.1351574Z"},"$schema":"https://schema.management.azure.com/providers/Microsoft.Logic/schemas/2016-06-01/workflowdefinition.json#","contentVersion":"1.0.0.0","parameters":{"$connections":{"defaultValue":{},"type":"Object"},"$authentication":{"defaultValue":{},"type":"SecureObject"}},"triggers":{"繰り返し":{"recurrence":{"frequency":"Week","interval":1,"timeZone":"Tokyo Standard Time","startTime":"2018-11-22T08:50:00Z","schedule":{"weekDays":["Monday"],"hours":["8"],"minutes":[50]}},"type":"Recurrence"}},"actions":{"接続エラーの名称を保持する変数を初期化する":{"runAfter":{},"type":"InitializeVariable","inputs":{"variables":[{"name":"errorconnections","type":"Array"}]}},"LogicFlow一覧を取得する":{"runAfter":{"接続エラーの名称を保持する変数を初期化する":["Succeeded"]},"metadata":{"flowSystemMetadata":{"swaggerOperationId":"ListMyFlows"}},"type":"ApiConnection","inputs":{"host":{"api":{"runtimeUrl":"https://japan-001.azure-apim.net/apim/flowmanagement"},"connection":{"name":"@parameters('$connections')['shared_flowmanagement']['connectionId']"}},"method":"get","path":"/environments/@{encodeURIComponent('1f2d9432-df04-4ef6-a237-0a357b9910de')}/flows","authentication":"@parameters('$authentication')"}},"利用している接続一覧を取得する":{"runAfter":{"接続エラーの名称を保持する変数を初期化する":["Succeeded"]},"metadata":{"flowSystemMetadata":{"swaggerOperationId":"ListConnections"}},"type":"ApiConnection","inputs":{"host":{"api":{"runtimeUrl":"https://japan-001.azure-apim.net/apim/flowmanagement"},"connection":{"name":"@parameters('$connections')['shared_flowmanagement']['connectionId']"}},"method":"get","path":"/connections","queries":{"environmentName":"1f2d9432-df04-4ef6-a237-0a357b9910de"},"authentication":"@parameters('$authentication')"}},"Flowごとの接続情報をチェックする":{"foreach":"@body('LogicFlow一覧を取得する')?['value']","actions":{"接続情報を確認する":{"foreach":"@outputs('接続情報を配列に変換する')","actions":{"接続一覧から対象の接続情報に絞り込む":{"runAfter":{"検索条件を設定":["Succeeded"]},"type":"Query","inputs":{"from":"@body('利用している接続一覧を取得する')?['value']","where":"@equals(item()?['name'], outputs('検索条件を設定'))"}},"検索条件を設定":{"runAfter":{"接続情報をJSONに変換する":["Succeeded"]},"type":"Compose","inputs":"@actionOutputs('接続情報をJSONに変換する')?['connectionName']"},"接続情報をJSONに変換する":{"runAfter":{},"type":"Compose","inputs":"@json(substring(item(), add(indexOf(item(), ':'), 1), sub(length(item()), add(indexOf(item(), ':'), 1))))"},"対象接続情報が存在するか判断":{"actions":{"接続中かどうかを判定":{"actions":{"接続エラーとして追加":{"runAfter":{},"type":"AppendToArrayVariable","inputs":{"name":"errorconnections","value":"@outputs('接続情報をJSONに変換する')['displayName']"}}},"runAfter":{},"expression":"@not(equals(first(first(actionBody('接続一覧から対象の接続情報に絞り込む'))['properties']?['statuses'])?['status'], 'Connected'))","type":"If"}},"runAfter":{"接続一覧から対象の接続情報に絞り込む":["Succeeded"]},"expression":"@greater(length(body('接続一覧から対象の接続情報に絞り込む')), 0)","type":"If"}},"runAfter":{"接続情報を配列に変換する":["Succeeded"]},"type":"Foreach"},"接続情報を配列に変換する":{"runAfter":{},"type":"Compose","inputs":"@split(replace(string(items('Flowごとの接続情報をチェックする')['properties']['connectionReferences']),'},','}},'),'},')"}},"runAfter":{"LogicFlow一覧を取得する":["Succeeded"],"接続状態で配列を作成する":["Succeeded"]},"type":"Foreach"},"判定結果から重複を除去する":{"runAfter":{"Flowごとの接続情報をチェックする":["Succeeded"]},"type":"Compose","inputs":"@union(variables('errorconnections'),variables('errorconnections'))"},"接続状態で配列を作成する":{"runAfter":{"利用している接続一覧を取得する":["Succeeded"]},"type":"Select","inputs":{"from":"@body('利用している接続一覧を取得する')?['value']","select":{"name":"@item()['name']","status":"@first(item()['properties']['statuses'])['status']"}}},"接続エラーが発生していたかを判断する":{"actions":{"メールの送信_(V2)":{"runAfter":{},"metadata":{"flowSystemMetadata":{"swaggerOperationId":"SendEmailV2"}},"type":"ApiConnection","inputs":{"host":{"api":{"runtimeUrl":"https://japan-001.azure-apim.net/apim/office365"},"connection":{"name":"@parameters('$connections')['shared_office365']['connectionId']"}},"method":"post","body":{"To":"ahf@nawagami.onmicrosoft.com","Subject":"Flow の接続情報でエラーが発生しています","Body":"<p>下記の接続にてエラーが発生しています。<br>\n接続情報の更新を行ってください。<br>\n<br>\n@{join(variables('errorconnections'),'<br>')}</p>"},"path":"/v2/Mail","authentication":"@parameters('$authentication')"}}},"runAfter":{"判定結果から重複を除去する":["Succeeded"]},"expression":"@greater(length(variables('errorconnections')), 0)","type":"If"}},"outputs":{}},"connectionReferences":{"shared_flowmanagement":{"connectionName":"shared-flowmanagemen-6958e573-a8eb-4f6f-825e-01dd83a28d04","source":"Embedded","id":"/providers/Microsoft.PowerApps/apis/shared_flowmanagement","tier":"NotSpecified"},"shared_office365":{"connectionName":"9774515ac5e9478495509b95930ff211","source":"Embedded","id":"/providers/Microsoft.PowerApps/apis/shared_office365","tier":"NotSpecified"}},"flowFailureAlertSubscribed":false}}