{"name":"ef0b1637-b00a-4d2c-9982-4ad2c943f0cb","id":"/providers/Microsoft.Flow/flows/ef0b1637-b00a-4d2c-9982-4ad2c943f0cb","type":"Microsoft.Flow/flows","properties":{"apiId":"/providers/Microsoft.PowerApps/apis/shared_logicflows","displayName":"Notify Connection Errors","definition":{"metadata":{"workflowEntityId":null,"creator":{"id":"9db882ec-0065-4447-b638-0b3aabfcae18","type":"User","tenantId":"ac80aa65-6ace-4629-b910-6dc08bc4b453"},"provisioningMethod":"FromDefinition","failureAlertSubscription":true,"clientLastModifiedTime":"2018-11-22T13:45:58.5804558Z"},"$schema":"https://schema.management.azure.com/providers/Microsoft.Logic/schemas/2016-06-01/workflowdefinition.json#","contentVersion":"1.0.0.0","parameters":{"$connections":{"defaultValue":{},"type":"Object"},"$authentication":{"defaultValue":{},"type":"SecureObject"}},"triggers":{"Schedule":{"recurrence":{"frequency":"Week","interval":1,"timeZone":"Tokyo Standard Time","startTime":"2018-11-22T08:50:00Z","schedule":{"weekDays":["Monday"],"hours":["8"],"minutes":[50]}},"type":"Recurrence"}},"actions":{"Create_ErrorList_Variable":{"runAfter":{},"type":"InitializeVariable","inputs":{"variables":[{"name":"errorconnections","type":"Array"}]}},"Get_LogicFlow_List":{"runAfter":{"Create_ErrorList_Variable":["Succeeded"]},"metadata":{"flowSystemMetadata":{"swaggerOperationId":"ListMyFlows"}},"type":"ApiConnection","inputs":{"host":{"api":{"runtimeUrl":"https://japan-001.azure-apim.net/apim/flowmanagement"},"connection":{"name":"@parameters('$connections')['shared_flowmanagement']['connectionId']"}},"method":"get","path":"/environments/@{encodeURIComponent('1f2d9432-df04-4ef6-a237-0a357b9910de')}/flows","authentication":"@parameters('$authentication')"}},"Get_Connection_List":{"runAfter":{"Create_ErrorList_Variable":["Succeeded"]},"metadata":{"flowSystemMetadata":{"swaggerOperationId":"ListConnections"}},"type":"ApiConnection","inputs":{"host":{"api":{"runtimeUrl":"https://japan-001.azure-apim.net/apim/flowmanagement"},"connection":{"name":"@parameters('$connections')['shared_flowmanagement']['connectionId']"}},"method":"get","path":"/connections","queries":{"environmentName":"1f2d9432-df04-4ef6-a237-0a357b9910de"},"authentication":"@parameters('$authentication')"}},"Check_Flow_Connection":{"foreach":"@body('Get_LogicFlow_List')?['value']","actions":{"Check_Connection":{"foreach":"@outputs('Convert_Array_From_ConnectionList')","actions":{"Filter_Using_Connection":{"runAfter":{"Set_Condition":["Succeeded"]},"type":"Query","inputs":{"from":"@body('Get_Connection_List')?['value']","where":"@equals(item()?['name'], outputs('Set_Condition'))"}},"Set_Condition":{"runAfter":{"Convert_JSON_ConnectionInfo":["Succeeded"]},"type":"Compose","inputs":"@actionOutputs('Convert_JSON_ConnectionInfo')?['connectionName']"},"Convert_JSON_ConnectionInfo":{"runAfter":{},"type":"Compose","inputs":"@json(substring(item(), add(indexOf(item(), ':'), 1), sub(length(item()), add(indexOf(item(), ':'), 1))))"},"Check_Valid_Connection":{"actions":{"Check_Living_Connection":{"actions":{"Add_ErrorList":{"runAfter":{},"type":"AppendToArrayVariable","inputs":{"name":"errorconnections","value":"@outputs('Convert_JSON_ConnectionInfo')['displayName']"}}},"runAfter":{},"expression":"@not(equals(first(first(actionBody('Filter_Using_Connection'))['properties']?['statuses'])?['status'], 'Connected'))","type":"If"}},"runAfter":{"Filter_Using_Connection":["Succeeded"]},"expression":"@greater(length(body('Filter_Using_Connection')), 0)","type":"If"}},"runAfter":{"Convert_Array_From_ConnectionList":["Succeeded"]},"type":"Foreach"},"Convert_Array_From_ConnectionList":{"runAfter":{},"type":"Compose","inputs":"@split(replace(string(items('Check_Flow_Connection')['properties']['connectionReferences']),'},','}},'),'},')"}},"runAfter":{"Get_LogicFlow_List":["Succeeded"],"Create_ConnectionList":["Succeeded"]},"type":"Foreach"},"Remove_Duplicate":{"runAfter":{"Check_Flow_Connection":["Succeeded"]},"type":"Compose","inputs":"@union(variables('errorconnections'),variables('errorconnections'))"},"Create_ConnectionList":{"runAfter":{"Get_Connection_List":["Succeeded"]},"type":"Select","inputs":{"from":"@body('Get_Connection_List')?['value']","select":{"name":"@item()['name']","status":"@first(item()['properties']['statuses'])['status']"}}},"Check_Connection_Error":{"actions":{"Send_Notify_Mail":{"runAfter":{},"metadata":{"flowSystemMetadata":{"swaggerOperationId":"SendEmailV2"}},"type":"ApiConnection","inputs":{"host":{"api":{"runtimeUrl":"https://japan-001.azure-apim.net/apim/office365"},"connection":{"name":"@parameters('$connections')['shared_office365']['connectionId']"}},"method":"post","body":{"To":"ahf@nawagami.onmicrosoft.com","Subject":"Flow Error Connection Report","Body":"<p>An error has occurred in the connection below.<br>\nUpdate the connection.<br>\n<br>\n@{join(variables('errorconnections'),'<br>')}</p>"},"path":"/v2/Mail","authentication":"@parameters('$authentication')"}}},"runAfter":{"Remove_Duplicate":["Succeeded"]},"expression":"@greater(length(variables('errorconnections')), 0)","type":"If"}},"outputs":{}},"connectionReferences":{"shared_flowmanagement":{"connectionName":"shared-flowmanagemen-6958e573-a8eb-4f6f-825e-01dd83a28d04","source":"Embedded","id":"/providers/Microsoft.PowerApps/apis/shared_flowmanagement","tier":"NotSpecified"},"shared_office365":{"connectionName":"9774515ac5e9478495509b95930ff211","source":"Embedded","id":"/providers/Microsoft.PowerApps/apis/shared_office365","tier":"NotSpecified"}},"flowFailureAlertSubscribed":false}}